,ID,x1,y1,x2,y2,c
0,10mid-1seq0.jpeg,62.954685681672224,59.0,296.9206070956481,295.0,1.0
1,10mid-1seq1.jpeg,50.80944553479882,44.0,286.29168349415505,278.0,1.0
2,10mid-1seq2.jpeg,70.99999999999994,61.99999999999994,300.0,298.0,1.0
3,10mid-1seq3.jpeg,33.32337304640687,41.99999999999998,269.52728199299725,276.0,1.0
4,10mid-1seq4.jpeg,2.0,0.0,238.0,233.0,1.0
