ID,x1,y1,x2,y2,c
10mid-1seq0.jpeg,39.0,34.0,273.0,270.0,1.0
10mid-1seq1.jpeg,59.80402,0.0,295.22302,232.0,1.0
10mid-1seq2.jpeg,24.40093,37.0,260.60193,271.0,1.0
10mid-1seq3.jpeg,44.666862,50.0,279.1679,286.0,1.0
10mid-1seq4.jpeg,5.732277,6.0,239.80025,242.0,1.0
10mid-1seq5.jpeg,0.0,73.0,232.44263,300.0,1.0
